,MAE,MSE,RMSE,R2
Lasso,320364.23994241114,212297121722.46896,460757.1179292502,
LinearRegression,320365.1217376708,212297544460.59827,460757.5766719396,
Ridge,320314.1095545734,212262718575.71533,460719.78313907393,
ElasticNet,325945.55582501733,223219573493.63144,472461.18728804745,
KNeighborsRegressor,332749.29411764705,272731459268.4906,522236.97615976084,
RandomForestRegressor,259154.33692285675,181031369891.53836,425477.8136302037,
GradientBoostingRegressor,268289.2677398581,180473026628.89807,424821.17017504916,
AdaBoostRegressor,359374.6684438837,245375399515.874,495353.81245719106,
CatBoostRegressor,355314.5499630948,253866211774.70514,503851.37865714444,
