,MAE,MSE,RMSE
Lasso,334590.18956864823,242712986232.89325,492659.09738164104
LinearRegression,334591.2983820575,242712864288.88828,492658.973620585
Ridge,334575.2711802004,242713418818.84607,492659.53641317657
ElasticNet,342387.8901427142,254161545776.10602,504144.36997362773
KNeighborsRegressor,333489.75489220564,283687669619.66675,532623.3844093467
RandomForestRegressor,263331.7449745321,198587000707.4824,445631.0140772098
GradientBoostingRegressor,278131.92943621025,198425408382.4562,445449.669864572
AdaBoostRegressor,401534.7980460848,289472406443.59296,538026.3993928113
