,MAE,MSE,RMSE,R2
Lasso,346033.68169442145,280228239907.20215,529365.8847217133,
LinearRegression,346033.7725253574,280228300259.3413,529365.9417258928,
Ridge,346033.22796820407,280227703381.9512,529365.377959261,
ElasticNet,346451.41658241604,281274764428.8879,530353.4335034401,
KNeighborsRegressor,343740.01811936457,317876639397.9126,563805.4978429286,
RandomForestRegressor,297337.8837945981,238735151015.508,488605.3121032435,
GradientBoostingRegressor,303078.27008500294,241394138912.50006,491318.7752493284,
AdaBoostRegressor,378556.46308002423,294943758890.8187,543087.2479545241,
CatBoostRegressor,360175.7160811309,314302360697.5114,560626.7570295868,
