,MAE,MSE,RMSE,R2
Lasso,266592.8222744833,197616682399.5516,444540.9794378372,0.5869872718094982
LinearRegression,266593.1662599656,197616807259.52884,444541.119874786,0.5869870108560239
Ridge,266622.9358808303,197672911740.2631,444604.2192110451,0.5868697542339089
ElasticNet,294998.0637690549,224177182422.4782,473473.5287452491,0.5314766517374869
KNeighborsRegressor,251192.23975501116,211573904150.046,459971.63407110877,0.5578171118658325
RandomForestRegressor,167803.89280800364,115697692536.6866,340143.6351553364,0.758195416198166
GradientBoostingRegressor,185221.592639411,124657992078.62582,353069.3870595776,0.7394686684647023
AdaBoostRegressor,323776.36697810836,224339322724.4056,473644.72204850503,0.5311377835425779
CatBoostRegressor,337790.0950346107,283315396269.23334,532273.7982178283,0.4078796216457752
